,CPI,Money_Supply_M2,Fed_Funds_Rate,Unemployment_Rate,Inflation_MoM,Inflation_YoY
1960-01-01,29.37,298.2,3.99,5.2,-0.13600816048963127,1.2409513960703222
1960-02-01,29.41,298.4,3.97,4.8,0.13619339462036528,1.4137931034482687
1960-03-01,29.41,299.3,3.84,5.4,0.0,1.5188125647221273
1960-04-01,29.54,300.1,3.92,5.2,0.44202652159128775,1.9323671497584405
1960-05-01,29.57,300.9,3.85,5.1,0.10155721056195333,1.8250688705234275
1960-06-01,29.61,302.3,3.32,5.4,0.1352722353736846,1.7176228100309165
1960-07-01,29.55,304.1,3.23,5.5,-0.20263424518742745,1.3722126929674117
1960-08-01,29.61,306.9,2.98,5.6,0.20304568527917954,1.473612063056895
1960-09-01,29.61,308.4,2.6,5.5,0.0,1.2307692307692353
1960-10-01,29.75,309.5,2.47,6.1,0.47281323877068626,1.3628620102214661
1960-11-01,29.78,310.9,2.44,6.1,0.10084033613446675,1.4650766609880739
1960-12-01,29.81,312.4,1.98,6.6,0.1007387508394908,1.3600816048962905
1961-01-01,29.84,314.1,1.45,6.6,0.10063737001007045,1.6002723867892366
1961-02-01,29.84,316.5,2.54,6.9,0.0,1.4620877252635056
1961-03-01,29.84,318.3,2.02,6.9,0.0,1.4620877252635056
1961-04-01,29.81,319.9,1.49,7.0,-0.10053619302949901,0.9140148950575577
1961-05-01,29.84,322.2,1.98,7.1,0.10063737001007045,0.9130875887723988
1961-06-01,29.84,324.3,1.73,6.9,0.0,0.7767646065518496
1961-07-01,29.92,325.6,1.17,7.0,0.2680965147453085,1.25211505922167
1961-08-01,29.94,327.6,2.0,6.6,0.06684491978610207,1.1144883485309176
1961-09-01,29.98,329.5,1.88,6.7,0.13360053440214514,1.249577845322536
1961-10-01,29.98,331.1,2.26,6.5,0.0,0.7731092436974896
1961-11-01,29.98,333.4,2.61,6.1,0.0,0.671591672263272
1961-12-01,30.01,335.5,2.33,6.0,0.10006671114075605,0.6709158000671067
1962-01-01,30.04,337.5,2.15,5.8,0.09996667777407708,0.6702412868632601
1962-02-01,30.11,340.1,2.37,5.5,0.23302263648468102,0.9048257372654245
1962-03-01,30.17,343.1,2.85,5.6,0.19926934573231136,1.1058981233244003
1962-04-01,30.21,345.5,2.78,5.6,0.13258203513424327,1.3418316001341912
1962-05-01,30.24,347.5,2.36,5.5,0.09930486593843213,1.3404825737265424
1962-06-01,30.21,349.3,2.68,5.5,-0.09920634920633775,1.2399463806970434
1962-07-01,30.22,350.8,2.71,5.4,0.033101621979469975,1.0026737967914423
1962-08-01,30.28,352.8,2.93,5.7,0.19854401058903015,1.135604542418167
1962-09-01,30.42,354.9,2.9,5.6,0.4623513870541718,1.4676450967311627
1962-10-01,30.38,357.2,2.9,5.4,-0.13149243918475495,1.3342228152101399
1962-11-01,30.38,359.8,2.94,5.7,0.0,1.3342228152101399
1962-12-01,30.38,362.7,2.93,5.5,0.0,1.2329223592135952
1963-01-01,30.44,365.2,2.92,5.7,0.19749835418039208,1.331557922769644
1963-02-01,30.48,367.9,3.0,5.9,0.13140604467805073,1.2288276320159497
1963-03-01,30.51,370.7,2.98,5.7,0.09842519685039353,1.1269472986410234
1963-04-01,30.48,373.3,2.9,5.7,-0.0983284169124965,0.893743793445867
1963-05-01,30.51,376.1,3.0,5.9,0.09842519685039353,0.8928571428571619
1963-06-01,30.61,378.4,2.99,5.6,0.32776138970829205,1.3240648791790655
1963-07-01,30.69,381.1,3.02,5.6,0.2613524991832872,1.5552614162806178
1963-08-01,30.75,383.6,3.49,5.4,0.19550342130987275,1.5521796565389767
1963-09-01,30.72,386.0,3.48,5.5,-0.09756097560975618,0.9861932938855844
1963-10-01,30.75,388.3,3.5,5.5,0.09765625,1.2179065174456882
1963-11-01,30.78,391.5,3.48,5.7,0.09756097560975618,1.3166556945358954
1963-12-01,30.88,393.2,3.38,5.5,0.32488628979856493,1.6458196181698526
1964-01-01,30.94,395.2,3.48,5.6,0.19430051813471572,1.6425755584756896
1964-02-01,30.91,397.6,3.48,5.4,-0.09696186166774368,1.4107611548556331
1964-03-01,30.94,399.8,3.43,5.4,0.09705596894209467,1.4093739757456536
1964-04-01,30.95,401.7,3.47,5.3,0.03232062055591456,1.5419947506561726
1964-05-01,30.98,404.2,3.5,5.1,0.09693053311794486,1.5404785316289749
1964-06-01,31.01,407.1,3.5,5.2,0.09683666881858954,1.3067624959163693
1964-07-01,31.02,410.1,3.42,4.9,0.032247662044504466,1.0752688172043001
1964-08-01,31.05,413.4,3.5,5.0,0.09671179883945502,0.9756097560975618
1964-09-01,31.08,416.9,3.45,5.1,0.09661835748790981,1.171875
1964-10-01,31.12,419.1,3.36,5.1,0.12870012870014325,1.2032520325203189
1964-11-01,31.21,422.0,3.52,4.8,0.2892030848329119,1.3970110461338558
1964-12-01,31.25,424.7,3.85,5.0,0.1281640499839698,1.1981865284974136
1965-01-01,31.28,427.5,3.9,4.9,0.09600000000000719,1.098901098901095
1965-02-01,31.28,430.4,3.98,5.1,0.0,1.1970236169524417
1965-03-01,31.31,433.2,4.05,4.7,0.09590792838873874,1.1958629605688387
1965-04-01,31.38,435.4,4.09,4.8,0.2235707441711865,1.3893376413570246
1965-05-01,31.48,437.1,4.1,4.6,0.31867431485022024,1.6139444803098701
1965-06-01,31.61,440.1,4.05,4.6,0.41296060991105055,1.9348597226700903
1965-07-01,31.58,442.9,4.09,4.4,-0.0949066751028238,1.8052869116698789
1965-08-01,31.55,445.8,4.12,4.4,-0.09499683343887622,1.6103059581320522
1965-09-01,31.62,449.5,4.02,4.3,0.22187004754359307,1.737451737451745
1965-10-01,31.65,452.6,4.08,4.2,0.0948766603415585,1.7030848329048665
1965-11-01,31.75,455.7,4.1,4.1,0.3159557661927437,1.7302146747837144
1965-12-01,31.85,459.2,4.32,4.0,0.31496062992126816,1.9200000000000106
1966-01-01,31.88,462.0,4.42,4.0,0.09419152276295417,1.9181585677749302
1966-02-01,32.08,464.6,4.6,3.8,0.6273525721455453,2.5575447570332477
1966-03-01,32.18,467.2,4.66,3.8,0.31172069825435855,2.7786649632705274
1966-04-01,32.28,469.3,4.67,3.8,0.3107520198881275,2.8680688336520044
1966-05-01,32.35,470.1,4.9,3.9,0.21685254027261625,2.763659466327839
1966-06-01,32.38,471.2,5.17,3.8,0.09273570324574987,2.4359379943056148
1966-07-01,32.45,470.9,5.3,3.8,0.21618282890674134,2.754908169727699
1966-08-01,32.65,472.6,5.53,3.8,0.6163328197226425,3.4865293185419866
1966-09-01,32.75,475.4,5.4,3.7,0.3062787136294043,3.5736875395319334
1966-10-01,32.85,475.7,5.53,3.7,0.3053435114503955,3.791469194312813
1966-11-01,32.88,477.3,5.76,3.6,0.09132420091324533,3.5590551181102548
1966-12-01,32.92,480.2,5.4,3.8,0.12165450121655041,3.3594976452119285
1967-01-01,32.9,481.6,4.94,3.9,-0.060753341433783525,3.19949811794229
1967-02-01,33.0,485.1,5.0,3.8,0.3039513677811634,2.8678304239401653
1967-03-01,33.0,489.7,4.53,3.8,0.0,2.5481665630826544
1967-04-01,33.1,492.1,4.05,3.8,0.3030303030303161,2.5402726146220633
1967-05-01,33.1,497.2,3.94,3.8,0.0,2.3183925811437467
1967-06-01,33.3,502.0,3.98,3.9,0.6042296072507503,2.8412600370598895
1967-07-01,33.4,506.3,3.79,3.8,0.30030030030030463,2.9275808936825687
1967-08-01,33.5,510.8,3.9,3.8,0.29940119760478723,2.6033690658499253
1967-09-01,33.6,514.7,3.99,3.8,0.29850746268658135,2.595419847328251
1967-10-01,33.7,518.2,3.88,4.0,0.29761904761904656,2.5875190258751957
1967-11-01,33.9,521.2,4.13,3.9,0.5934718100890191,3.10218978102188
1967-12-01,34.0,524.8,4.51,3.8,0.2949852507374784,3.280680437424044
1968-01-01,34.1,527.4,4.61,3.7,0.2941176470588225,3.647416413373872
1968-02-01,34.2,530.4,4.71,3.8,0.2932551319648091,3.6363636363636376
1968-03-01,34.3,533.2,5.05,3.7,0.29239766081869956,3.9393939393939315
1968-04-01,34.4,535.7,5.76,3.5,0.291545189504383,3.92749244712991
1968-05-01,34.5,538.9,6.12,3.5,0.29069767441860517,4.229607250755274
1968-06-01,34.7,542.6,6.07,3.7,0.5797101449275477,4.2042042042042205
1968-07-01,34.9,545.6,6.03,3.7,0.5763688760806795,4.491017964071853
1968-08-01,35.0,549.4,6.03,3.5,0.2865329512893977,4.477611940298498
1968-09-01,35.1,553.6,5.78,3.4,0.28571428571428914,4.464285714285721
1968-10-01,35.3,557.6,5.91,3.4,0.5698005698005604,4.7477744807121525
1968-11-01,35.4,562.4,5.82,3.4,0.28328611898016387,4.424778761061954
1968-12-01,35.6,566.8,6.02,3.4,0.5649717514124353,4.705882352941182
1969-01-01,35.7,569.3,6.3,3.4,0.2808988764045006,4.692082111436946
1969-02-01,35.8,571.9,6.61,3.4,0.28011204481790397,4.678362573099393
1969-03-01,36.1,574.4,6.79,3.4,0.8379888268156499,5.247813411078739
1969-04-01,36.3,575.7,7.41,3.4,0.5540166204986097,5.523255813953476
1969-05-01,36.4,576.5,8.67,3.4,0.27548209366392573,5.507246376811592
1969-06-01,36.6,578.5,8.9,3.5,0.5494505494505475,5.475504322766556
1969-07-01,36.8,579.5,8.61,3.5,0.5464480874316724,5.4441260744985565
1969-08-01,36.9,580.1,9.19,3.5,0.27173913043478937,5.428571428571427
1969-09-01,37.1,582.1,9.15,3.7,0.5420054200542035,5.698005698005693
1969-10-01,37.3,583.4,9.0,3.7,0.5390835579514697,5.665722379603411
1969-11-01,37.5,585.4,8.85,3.5,0.536193029490617,5.932203389830515
1969-12-01,37.7,587.9,8.97,3.5,0.5333333333333412,5.89887640449438
1970-01-01,37.9,589.6,8.98,3.9,0.5305039787798282,6.162464985994376
1970-02-01,38.1,586.3,8.98,4.2,0.5277044854881341,6.424581005586605
1970-03-01,38.3,587.3,7.76,4.4,0.5249343832020914,6.094182825484751
1970-04-01,38.5,588.4,8.1,4.6,0.5221932114882533,6.060606060606077
1970-05-01,38.6,591.5,7.95,4.8,0.25974025974027093,6.043956043956045
1970-06-01,38.8,595.2,7.61,4.9,0.5181347150258864,6.010928961748618
1970-07-01,38.9,599.1,7.21,5.0,0.2577319587628857,5.7065217391304435
1970-08-01,39.0,604.9,6.62,5.1,0.25706940874037354,5.691056910569103
1970-09-01,39.2,611.2,6.29,5.4,0.512820512820511,5.660377358490565
1970-10-01,39.4,616.4,6.2,5.5,0.5102040816326481,5.630026809651478
1970-11-01,39.6,621.1,5.6,5.9,0.5076142131979822,5.600000000000005
1970-12-01,39.8,626.5,4.9,6.1,0.5050505050504972,5.570291777188308
1971-01-01,39.9,632.9,4.14,5.9,0.2512562814070307,5.277044854881274
1971-02-01,39.9,641.0,3.72,5.9,0.0,4.724409448818889
1971-03-01,40.0,649.9,3.71,6.0,0.25062656641603454,4.438642297650142
1971-04-01,40.1,658.4,4.16,5.9,0.24999999999999467,4.155844155844157
1971-05-01,40.3,666.7,4.63,5.9,0.4987531172069737,4.404145077720201
1971-06-01,40.5,673.0,4.91,5.9,0.496277915632759,4.381443298969079
1971-07-01,40.6,679.6,5.31,6.0,0.24691358024691024,4.370179948586128
1971-08-01,40.7,685.5,5.57,6.1,0.24630541871921707,4.358974358974366
1971-09-01,40.8,692.5,5.55,6.0,0.24570024570023108,4.081632653061207
1971-10-01,40.9,698.4,5.2,5.8,0.2450980392156854,3.8071065989847774
1971-11-01,41.0,704.6,4.91,6.0,0.24449877750611915,3.535353535353525
1971-12-01,41.1,710.3,4.14,6.0,0.24390243902439046,3.266331658291466
1972-01-01,41.2,717.7,3.51,5.8,0.24330900243310083,3.2581453634085378
1972-02-01,41.4,725.7,3.3,5.7,0.4854368932038833,3.759398496240607
1972-03-01,41.4,733.5,3.83,5.8,0.0,3.499999999999992
1972-04-01,41.5,738.4,4.17,5.7,0.24154589371980784,3.4912718204488824
1972-05-01,41.6,743.3,4.27,5.7,0.24096385542169418,3.2258064516129226
1972-06-01,41.7,749.7,4.46,5.7,0.24038461538462563,2.9629629629629672
1972-07-01,41.8,759.5,4.55,5.6,0.23980815347719453,2.9556650246305383
1972-08-01,41.9,768.7,4.81,5.6,0.23923444976077235,2.9484029484029284
1972-09-01,42.1,778.3,4.87,5.5,0.4773269689737569,3.1862745098039325
1972-10-01,42.2,786.9,5.05,5.6,0.23752969121140222,3.1784841075794823
1972-11-01,42.4,793.9,5.06,5.3,0.4739336492890933,3.4146341463414664
1972-12-01,42.5,802.3,5.33,5.2,0.2358490566037874,3.406326034063256
1973-01-01,42.7,810.3,5.94,4.9,0.47058823529413374,3.6407766990291357
1973-02-01,43.0,814.1,6.58,5.0,0.7025761124121788,3.864734299516903
1973-03-01,43.4,815.3,7.09,4.9,0.9302325581395321,4.8309178743961345
1973-04-01,43.7,819.7,7.12,5.0,0.691244239631339,5.301204819277117
1973-05-01,43.9,826.8,7.84,4.9,0.4576659038901587,5.528846153846145
1973-06-01,44.2,833.3,8.49,4.9,0.6833712984054774,5.995203836930463
1973-07-01,44.2,836.5,10.4,4.8,0.0,5.741626794258381
1973-08-01,45.0,838.8,10.5,4.8,1.8099547511312153,7.398568019093088
1973-09-01,45.2,839.3,10.78,4.8,0.4444444444444473,7.3634204275534465
1973-10-01,45.6,842.6,10.01,4.6,0.8849557522123908,8.056872037914697
1973-11-01,45.9,848.9,10.03,4.8,0.6578947368421018,8.25471698113207
1973-12-01,46.3,855.5,9.95,4.9,0.8714596949890963,8.94117647058823
1974-01-01,46.8,859.7,9.65,5.1,1.0799136069114423,9.601873536299754
1974-02-01,47.3,864.2,8.97,5.2,1.0683760683760646,9.999999999999986
1974-03-01,47.8,870.1,9.35,5.1,1.0570824524312794,10.138248847926267
1974-04-01,48.1,872.9,10.51,5.1,0.6276150627615218,10.068649885583515
1974-05-01,48.6,874.6,11.31,5.1,1.039501039501034,10.70615034168565
1974-06-01,49.0,877.8,11.93,5.4,0.8230452674897082,10.859728506787313
1974-07-01,49.3,881.4,12.92,5.5,0.6122448979591688,11.538461538461519
1974-08-01,49.9,884.1,12.01,5.5,1.2170385395537497,10.888888888888882
1974-09-01,50.6,887.9,11.34,5.9,1.4028056112224574,11.946902654867241
1974-10-01,51.0,893.3,10.06,6.0,0.7905138339920903,11.842105263157897
1974-11-01,51.5,898.6,9.45,6.6,0.9803921568627416,12.200435729847502
1974-12-01,51.9,902.1,8.53,7.2,0.7766990291262044,12.095032397408211
1975-01-01,52.3,906.3,7.13,8.1,0.7707129094412402,11.752136752136755
1975-02-01,52.6,914.1,6.24,8.1,0.5736137667304186,11.205073995771686
1975-03-01,52.8,925.0,5.54,8.6,0.3802281368821214,10.460251046025103
1975-04-01,53.0,935.1,5.49,8.8,0.37878787878788955,10.187110187110182
1975-05-01,53.1,947.9,5.22,9.0,0.18867924528302993,9.259259259259256
1975-06-01,53.5,963.0,5.55,8.8,0.7532956685499137,9.183673469387754
1975-07-01,54.0,975.1,6.1,8.6,0.9345794392523255,9.533468559837743
1975-08-01,54.2,983.1,6.14,8.4,0.37037037037037646,8.617234468937895
1975-09-01,54.6,991.5,6.24,8.4,0.7380073800737907,7.905138339920947
1975-10-01,54.9,997.8,5.82,8.4,0.5494505494505475,7.647058823529407
1975-11-01,55.3,1006.9,5.22,8.3,0.7285974499089187,7.37864077669903
1975-12-01,55.6,1016.2,5.2,8.2,0.5424954792043524,7.129094412331405
1976-01-01,55.8,1026.6,4.87,7.9,0.3597122302158251,6.692160611854692
1976-02-01,55.9,1040.3,4.77,7.7,0.17921146953405742,6.273764258555126
1976-03-01,56.0,1050.0,4.84,7.6,0.17889087656530744,6.060606060606055
1976-04-01,56.1,1060.8,4.82,7.7,0.17857142857142794,5.849056603773595
1976-05-01,56.4,1072.1,5.29,7.4,0.5347593582887722,6.214689265536721
1976-06-01,56.7,1077.6,5.48,7.6,0.5319148936170359,5.981308411214958
1976-07-01,57.0,1086.3,5.31,7.8,0.5291005291005346,5.555555555555558
1976-08-01,57.3,1098.7,5.29,7.8,0.5263157894736858,5.719557195571956
1976-09-01,57.6,1110.8,5.25,7.6,0.523560209424101,5.494505494505497
1976-10-01,57.9,1125.0,5.02,7.7,0.5208333333333259,5.464480874316946
1976-11-01,58.1,1138.2,4.95,7.8,0.3454231433505983,5.063291139240511
1976-12-01,58.4,1152.0,4.65,7.8,0.5163511187607606,5.035971223021574
1977-01-01,58.7,1165.2,4.61,7.5,0.5136986301369939,5.197132616487465
1977-02-01,59.3,1177.6,4.68,7.6,1.0221465076660996,6.082289803220031
1977-03-01,59.6,1188.5,4.69,7.4,0.5059021922428464,6.428571428571428
1977-04-01,60.0,1199.6,4.73,7.2,0.6711409395973034,6.951871657754016
1977-05-01,60.2,1209.0,5.35,7.0,0.33333333333334103,6.737588652482285
1977-06-01,60.5,1217.8,5.39,7.2,0.4983388704318914,6.701940035273357
1977-07-01,60.8,1226.7,5.42,6.9,0.49586776859502635,6.666666666666665
1977-08-01,61.1,1237.0,5.9,7.0,0.49342105263159297,6.631762652705064
1977-09-01,61.3,1246.2,6.14,6.8,0.3273322422258529,6.423611111111094
1977-10-01,61.6,1254.0,6.47,6.8,0.4893964110930016,6.390328151986191
1977-11-01,62.0,1262.4,6.51,6.8,0.6493506493506551,6.712564543889843
1977-12-01,62.3,1270.3,6.56,6.4,0.4838709677419395,6.67808219178081
1978-01-01,62.7,1279.7,6.7,6.4,0.6420545746388617,6.814310051107331
1978-02-01,63.0,1285.5,6.78,6.3,0.4784688995215225,6.2394603709949426
1978-03-01,63.4,1292.2,6.79,6.3,0.6349206349206327,6.375838926174482
1978-04-01,63.9,1300.4,6.89,6.1,0.7886435331230235,6.499999999999995
1978-05-01,64.5,1310.5,7.36,6.0,0.9389671361502261,7.14285714285714
1978-06-01,65.0,1318.5,7.6,5.9,0.7751937984496138,7.438016528925617
1978-07-01,65.5,1324.1,7.81,6.2,0.7692307692307665,7.7302631578947345
1978-08-01,65.9,1333.5,8.04,5.9,0.6106870229007688,7.855973813420625
1978-09-01,66.5,1345.0,8.45,6.0,0.9104704097116834,8.482871125611746
1978-10-01,67.1,1352.3,8.96,5.8,0.9022556390977376,8.92857142857142
1978-11-01,67.5,1359.1,9.76,5.9,0.5961251862891315,8.870967741935477
1978-12-01,67.9,1366.0,10.03,6.0,0.5925925925926112,8.988764044943842
1979-01-01,68.5,1371.6,10.07,5.9,0.8836524300441795,9.250398724082931
1979-02-01,69.2,1377.8,10.06,5.9,1.0218978102189746,9.84126984126985
1979-03-01,69.9,1387.8,10.09,5.8,1.0115606936416333,10.252365930599371
1979-04-01,70.6,1402.1,10.01,5.8,1.0014306151645114,10.485133020344284
1979-05-01,71.4,1410.2,10.24,5.6,1.1331444759207,10.697674418604652
1979-06-01,72.2,1423.0,10.29,5.7,1.1204481792717047,11.076923076923073
1979-07-01,73.0,1434.8,10.47,5.7,1.1080332409972193,11.45038167938932
1979-08-01,73.7,1446.6,10.94,6.0,0.9589041095890538,11.836115326251884
1979-09-01,74.4,1454.1,11.43,5.9,0.9497964721845387,11.879699248120312
1979-10-01,75.2,1460.4,13.77,6.0,1.0752688172043001,12.071535022354718
1979-11-01,76.0,1465.9,13.18,5.9,1.0638297872340496,12.592592592592599
1979-12-01,76.9,1473.7,13.78,6.0,1.1842105263157876,13.254786450662737
1980-01-01,78.0,1482.7,13.82,6.3,1.4304291287386084,13.868613138686126
1980-02-01,79.0,1494.6,14.13,6.3,1.2820512820512775,14.161849710982644
1980-03-01,80.1,1499.8,17.19,6.3,1.3924050632911245,14.592274678111572
1980-04-01,80.9,1502.2,17.61,6.9,0.998751560549338,14.589235127478762
1980-05-01,81.7,1512.3,10.98,7.5,0.9888751545117369,14.425770308123242
1980-06-01,82.5,1529.2,9.47,7.6,0.9791921664626724,14.265927977839322
1980-07-01,82.6,1545.5,9.03,7.8,0.12121212121212199,13.15068493150684
1980-08-01,83.2,1561.5,9.61,7.7,0.7263922518159882,12.890094979647216
1980-09-01,83.9,1574.0,10.87,7.5,0.8413461538461675,12.768817204301076
1980-10-01,84.7,1584.8,12.81,7.5,0.9535160905840279,12.632978723404253
1980-11-01,85.6,1595.8,15.85,7.5,1.0625737898465104,12.631578947368416
1980-12-01,86.4,1599.8,18.9,7.2,0.9345794392523477,12.353706111833551
1981-01-01,87.2,1606.9,19.08,7.5,0.92592592592593,11.794871794871797
1981-02-01,88.0,1618.7,15.93,7.4,0.917431192660545,11.392405063291132
1981-03-01,88.6,1636.6,14.7,7.4,0.6818181818181834,10.611735330836458
1981-04-01,89.1,1659.2,15.72,7.2,0.5643340857787837,10.135970333745359
1981-05-01,89.7,1664.2,18.52,7.5,0.6734006734006925,9.79192166462668
1981-06-01,90.5,1670.3,19.1,7.5,0.8918617614269708,9.696969696969692
1981-07-01,91.5,1681.9,19.04,7.2,1.104972375690605,10.774818401937058
1981-08-01,92.2,1694.3,17.82,7.4,0.7650273224043769,10.817307692307686
1981-09-01,93.1,1706.0,15.87,7.6,0.9761388286333883,10.96543504171632
1981-10-01,93.4,1721.8,15.08,7.9,0.3222341568206444,10.271546635182993
1981-11-01,93.8,1736.1,13.31,8.3,0.4282655246252487,9.579439252336464
1981-12-01,94.1,1755.5,12.37,8.5,0.31982942430703876,8.912037037037024
1982-01-01,94.4,1770.4,13.22,8.6,0.31880977683316214,8.25688073394495
1982-02-01,94.7,1774.5,14.78,8.9,0.3177966101694851,7.613636363636367
1982-03-01,94.7,1786.5,14.68,9.0,0.0,6.884875846501148
1982-04-01,95.0,1803.9,14.94,9.3,0.31678986272438703,6.621773288439958
1982-05-01,95.9,1815.4,14.45,9.4,0.9473684210526301,6.911928651059096
1982-06-01,97.0,1826.0,14.15,9.6,1.147028154327412,7.182320441988943
1982-07-01,97.5,1831.5,12.59,9.8,0.5154639175257714,6.557377049180335
1982-08-01,97.7,1845.2,10.12,9.8,0.20512820512821328,5.965292841648595
1982-09-01,97.7,1858.4,10.31,10.1,0.0,4.940923737916236
1982-10-01,98.1,1869.7,9.71,10.4,0.4094165813715467,5.032119914346889
1982-11-01,98.0,1883.7,9.2,10.8,-0.10193679918449883,4.47761194029852
1982-12-01,97.7,1905.9,8.95,10.8,-0.3061224489795844,3.825717321997879
1983-01-01,97.9,1959.4,8.68,10.4,0.20470829068577334,3.7076271186440746
1983-02-01,98.0,1996.8,8.51,10.4,0.10214504596526286,3.484688489968324
1983-03-01,98.1,2015.2,8.77,10.3,0.10204081632652073,3.5902851108764455
1983-04-01,98.8,2028.6,8.8,10.2,0.7135575942915473,4.0000000000000036
1983-05-01,99.2,2043.1,8.63,10.1,0.4048582995951566,3.44108446298228
1983-06-01,99.4,2053.5,8.98,10.1,0.20161290322580072,2.4742268041237248
1983-07-01,99.8,2064.8,9.37,9.4,0.4024144869215096,2.358974358974364
1983-08-01,100.1,2074.0,9.56,9.5,0.30060120240480437,2.456499488229258
1983-09-01,100.4,2083.2,9.45,9.2,0.29970029970030065,2.763561924257929
1983-10-01,100.8,2099.2,9.48,8.8,0.3984063745019917,2.752293577981657
1983-11-01,101.1,2112.3,9.34,8.5,0.29761904761904656,3.1632653061224536
1983-12-01,101.4,2123.5,9.47,8.3,0.29673590504453173,3.7871033776867957
1984-01-01,102.1,2138.2,9.56,8.0,0.6903353057199135,4.290091930541351
1984-02-01,102.6,2158.2,9.59,7.8,0.48971596474045587,4.693877551020398
1984-03-01,102.9,2175.2,9.91,7.8,0.29239766081872176,4.892966360856277
1984-04-01,103.3,2191.7,10.29,7.7,0.38872691933915515,4.5546558704453455
1984-05-01,103.5,2204.1,10.32,7.4,0.1936108422071703,4.3346774193548265
1984-06-01,103.7,2215.1,11.06,7.2,0.19323671497584183,4.325955734406439
1984-07-01,104.1,2223.5,11.23,7.5,0.38572806171648377,4.308617234468937
1984-08-01,104.4,2230.4,11.64,7.5,0.2881844380403509,4.295704295704317
1984-09-01,104.7,2244.4,11.3,7.3,0.2873563218390718,4.2828685258964105
1984-10-01,105.1,2258.9,9.99,7.4,0.3820439350525229,4.265873015873023
1984-11-01,105.3,2281.4,9.43,7.2,0.19029495718363432,4.154302670623156
1984-12-01,105.5,2306.4,8.38,7.3,0.18993352326686086,4.043392504930954
1985-01-01,105.7,2332.4,8.35,7.3,0.18957345971564177,3.52595494613126
1985-02-01,106.3,2354.1,8.5,7.2,0.5676442762535316,3.6062378167641462
1985-03-01,106.8,2366.2,8.58,7.2,0.470366886171214,3.790087463556846
1985-04-01,107.0,2375.4,8.27,7.3,0.18726591760300781,3.581800580832528
1985-05-01,107.2,2389.5,7.97,7.2,0.18691588785046953,3.5748792270531515
1985-06-01,107.5,2412.6,7.53,7.4,0.2798507462686617,3.6644165863066513
1985-07-01,107.7,2429.5,7.88,7.4,0.18604651162790198,3.458213256484166
1985-08-01,107.9,2444.0,7.9,7.1,0.18570102135562205,3.3524904214559337
1985-09-01,108.1,2456.4,7.92,7.1,0.1853568118628246,3.2473734479465
1985-10-01,108.5,2468.0,7.99,7.1,0.37002775208141436,3.2350142721217834
1985-11-01,109.0,2477.8,8.05,7.0,0.4608294930875667,3.5137701804368593
1985-12-01,109.5,2492.1,8.27,7.0,0.4587155963302836,3.791469194312791
1986-01-01,109.9,2502.1,8.14,6.7,0.36529680365298134,3.9735099337748325
1986-02-01,109.7,2512.9,7.86,7.2,-0.18198362147406888,3.19849482596426
1986-03-01,109.1,2533.1,7.48,7.2,-0.5469462169553352,2.1535580524344455
1986-04-01,108.7,2557.8,6.99,7.1,-0.36663611365719273,1.5887850467289688
1986-05-01,109.0,2584.8,6.85,7.2,0.2759889604415866,1.679104477611948
1986-06-01,109.4,2605.0,6.92,7.2,0.3669724770642313,1.7674418604651132
1986-07-01,109.5,2626.6,6.56,7.0,0.0914076782449591,1.671309192200554
1986-08-01,109.6,2646.5,6.17,6.9,0.09132420091324533,1.575532900834098
1986-09-01,110.0,2667.8,5.89,7.0,0.36496350364965124,1.757631822386685
1986-10-01,110.2,2687.4,5.85,7.0,0.1818181818181941,1.5668202764977046
1986-11-01,110.4,2701.3,6.04,6.9,0.1814882032667997,1.2844036697247763
1986-12-01,110.8,2728.0,6.91,6.6,0.36231884057971175,1.187214611872145
1987-01-01,111.4,2743.9,6.43,6.6,0.5415162454873723,1.364877161055511
1987-02-01,111.8,2747.5,6.1,6.6,0.35906642728904536,1.9143117593436676
1987-03-01,112.2,2753.7,6.13,6.6,0.3577817531305927,2.8414298808432603
1987-04-01,112.7,2767.7,6.37,6.3,0.4456327985739694,3.679852805887762
1987-05-01,113.0,2772.9,6.85,6.3,0.2661934338952898,3.669724770642202
1987-06-01,113.5,2774.6,6.73,6.2,0.4424778761061843,3.7477148080438782
1987-07-01,113.8,2779.0,6.58,6.1,0.2643171806167466,3.926940639269394
1987-08-01,114.3,2788.2,6.73,6.0,0.4393673110720586,4.2883211678832245
1987-09-01,114.7,2799.5,7.22,5.9,0.34995625546807574,4.2727272727272725
1987-10-01,115.0,2814.8,7.29,6.0,0.2615518744550904,4.355716878402904
1987-11-01,115.4,2818.9,6.69,5.8,0.3478260869565375,4.528985507246386
1987-12-01,115.6,2826.4,6.77,5.7,0.17331022530329143,4.332129963898912
1988-01-01,116.0,2847.4,6.83,5.7,0.34602076124568004,4.129263913824044
1988-02-01,116.2,2870.4,6.58,5.7,0.17241379310344307,3.9355992844364973
1988-03-01,116.5,2890.7,6.58,5.7,0.2581755593803692,3.832442067736186
1988-04-01,117.2,2910.7,6.87,5.4,0.6008583690987113,3.9929015084294583
1988-05-01,117.5,2926.0,7.09,5.6,0.25597269624573205,3.9823008849557473
1988-06-01,118.0,2938.4,7.51,5.4,0.42553191489360653,3.96475770925111
1988-07-01,118.5,2947.2,7.75,5.4,0.4237288135593209,4.130052724077338
1988-08-01,119.0,2952.0,8.01,5.6,0.42194092827003704,4.111986001749779
1988-09-01,119.5,2956.9,8.19,5.4,0.42016806722688926,4.184829991281602
1988-10-01,119.9,2965.3,8.3,5.4,0.33472803347280866,4.260869565217407
1988-11-01,120.3,2980.2,8.35,5.3,0.33361134278564464,4.246100519930662
1988-12-01,120.7,2988.2,8.76,5.3,0.33250207813799726,4.4117647058823595
1989-01-01,121.2,2991.7,9.12,5.4,0.41425020712511085,4.482758620689653
1989-02-01,121.6,2992.2,9.36,5.2,0.3300330033003229,4.647160068846801
1989-03-01,122.2,2999.7,9.85,5.0,0.49342105263159297,4.892703862660941
1989-04-01,123.1,3006.0,9.84,5.2,0.7364975450081745,5.034129692832767
1989-05-01,123.7,3011.6,9.81,5.2,0.4874086108854758,5.276595744680845
1989-06-01,124.1,3027.9,9.53,5.3,0.3233629749393563,5.1694915254237195
1989-07-01,124.5,3052.4,9.24,5.2,0.3223207091055613,5.063291139240511
1989-08-01,124.5,3074.4,8.99,5.2,0.0,4.621848739495804
1989-09-01,124.8,3092.5,9.02,5.3,0.24096385542169418,4.435146443514637
1989-10-01,125.4,3114.1,8.84,5.3,0.48076923076922906,4.587155963302747
1989-11-01,125.9,3133.3,8.55,5.4,0.3987240829345984,4.655029093931851
1989-12-01,126.3,3152.5,8.45,5.4,0.3177124702144596,4.639602319801162
1990-01-01,127.5,3166.8,8.23,5.4,0.9501187648456089,5.198019801980203
1990-02-01,128.0,3179.2,8.24,5.3,0.39215686274509665,5.263157894736836
1990-03-01,128.6,3190.1,8.28,5.2,0.46874999999999556,5.237315875613735
1990-04-01,128.9,3201.6,8.26,5.4,0.2332814930015692,4.711616571892785
1990-05-01,129.1,3200.6,8.18,5.4,0.15515903801395226,4.365400161681476
1990-06-01,129.9,3213.7,8.29,5.2,0.6196746707978429,4.673650282030639
1990-07-01,130.5,3224.5,8.15,5.5,0.4618937644341736,4.819277108433728
1990-08-01,131.6,3242.0,8.13,5.7,0.8429118773946254,5.702811244979911
1990-09-01,132.5,3254.6,8.2,5.9,0.6838905775075954,6.169871794871806
1990-10-01,133.4,3259.3,8.11,5.9,0.6792452830188811,6.379585326953752
1990-11-01,133.7,3262.6,7.81,6.2,0.2248875562218755,6.195393169181873
1990-12-01,134.2,3271.8,7.31,6.3,0.37397157816005944,6.254948535233562
1991-01-01,134.7,3287.7,6.91,6.4,0.37257824143070994,5.647058823529405
1991-02-01,134.8,3304.5,6.25,6.6,0.07423904974017681,5.312500000000009
1991-03-01,134.8,3321.9,6.12,6.8,0.0,4.821150855365497
1991-04-01,135.1,3332.4,5.91,6.7,0.2225519287833766,4.809930178432875
1991-05-01,135.6,3343.0,5.78,6.9,0.37009622501851247,5.034856700232382
1991-06-01,136.0,3351.9,5.9,6.9,0.2949852507374784,4.695919938414161
1991-07-01,136.2,3356.1,5.82,6.8,0.14705882352941124,4.367816091954024
1991-08-01,136.6,3355.0,5.66,6.9,0.2936857562408246,3.7993920972644313
1991-09-01,137.0,3354.9,5.45,6.9,0.2928257686676483,3.396226415094339
1991-10-01,137.2,3360.1,5.21,7.0,0.14598540145984717,2.8485757121439192
1991-11-01,137.8,3365.5,4.81,7.0,0.4373177842565745,3.0665669409125185
1991-12-01,138.2,3372.2,4.43,7.3,0.2902757619738683,2.980625931445613
1992-01-01,138.3,3381.2,4.03,7.3,0.07235890014474222,2.672605790645899
1992-02-01,138.6,3400.0,4.06,7.4,0.2169197396963085,2.8189910979228294
1992-03-01,139.1,3403.9,3.98,7.4,0.3607503607503615,3.189910979228472
1992-04-01,139.4,3399.7,3.73,7.4,0.21567217828901697,3.1828275351591495
1992-05-01,139.7,3398.6,3.82,7.6,0.21520803443326741,3.0235988200590036
1992-06-01,140.1,3393.4,3.76,7.8,0.28632784538296097,3.0147058823529305
1992-07-01,140.5,3393.9,3.25,7.7,0.2855103497501732,3.1571218795888534
1992-08-01,140.8,3398.8,3.3,7.6,0.2135231316725994,3.0746705710102518
1992-09-01,141.1,3410.3,3.22,7.6,0.21306818181816567,2.9927007299270114
1992-10-01,141.7,3423.8,3.1,7.3,0.425230333097093,3.279883381924198
1992-11-01,142.1,3426.5,3.09,7.4,0.2822865208186309,3.1204644412191396
1992-12-01,142.3,3424.7,2.92,7.4,0.14074595355384467,2.966714905933454
1993-01-01,142.8,3419.1,3.02,7.3,0.35137034434293835,3.2537960954446943
1993-02-01,143.1,3414.5,3.03,7.1,0.21008403361342243,3.2467532467532534
1993-03-01,143.3,3411.7,3.07,7.0,0.13976240391335715,3.0194104960460155
1993-04-01,143.8,3411.3,2.96,7.1,0.34891835310537633,3.1563845050215145
1993-05-01,144.2,3436.9,3.0,7.1,0.2781641168289051,3.2211882605583497
1993-06-01,144.3,3442.4,3.04,7.0,0.06934812760057696,2.9978586723768963
1993-07-01,144.5,3442.0,3.06,6.9,0.1386001386001201,2.8469750889679624
1993-08-01,144.8,3445.7,3.03,6.8,0.20761245674740803,2.840909090909083
1993-09-01,145.0,3452.2,3.09,6.7,0.13812154696131174,2.7639971651311157
1993-10-01,145.6,3456.7,2.99,6.8,0.4137931034482678,2.752293577981657
1993-11-01,146.0,3470.1,3.02,6.6,0.27472527472527375,2.7445460942997935
1993-12-01,146.3,3474.5,2.96,6.5,0.205479452054802,2.8109627547435068
1994-01-01,146.3,3474.9,3.05,6.6,0.0,2.450980392156854
1994-02-01,146.7,3475.7,3.25,6.6,0.2734107997265811,2.515723270440251
1994-03-01,147.1,3480.1,3.34,6.5,0.27266530334015826,2.6517794836008246
1994-04-01,147.2,3481.3,3.56,6.4,0.06798096532969478,2.364394993045882
1994-05-01,147.5,3490.8,4.01,6.1,0.20380434782609758,2.288488210818307
1994-06-01,147.9,3479.5,4.25,6.1,0.2711864406779618,2.494802494802495
1994-07-01,148.4,3488.2,4.26,6.1,0.33806626098715764,2.69896193771626
1994-08-01,149.0,3485.7,4.47,6.0,0.40431266846361336,2.900552486187835
1994-09-01,149.3,3486.1,4.73,5.9,0.2013422818792021,2.965517241379323
1994-10-01,149.4,3484.3,4.76,5.8,0.06697923643670389,2.609890109890123
1994-11-01,149.8,3487.2,5.29,5.6,0.2677376171352108,2.602739726027403
1994-12-01,150.1,3486.4,5.45,5.5,0.20026702269690944,2.597402597402576
1995-01-01,150.5,3492.4,5.53,5.6,0.26648900732844094,2.8708133971291794
1995-02-01,150.9,3489.9,5.92,5.4,0.2657807308970028,2.862985685071595
1995-03-01,151.2,3491.1,5.98,5.4,0.1988071570576455,2.7872195785180187
1995-04-01,151.8,3499.2,6.05,5.8,0.3968253968254176,3.125000000000022
1995-05-01,152.1,3524.2,6.01,5.6,0.19762845849802257,3.1186440677966054
1995-06-01,152.4,3548.9,6.0,5.6,0.19723865877712132,3.0425963488843744
1995-07-01,152.6,3567.4,5.85,5.7,0.1312335958005173,2.8301886792452713
1995-08-01,152.9,3589.0,5.74,5.7,0.1965923984272644,2.6174496644295386
1995-09-01,153.1,3602.1,5.8,5.6,0.1308044473512071,2.54521098459477
1995-10-01,153.5,3613.4,5.76,5.5,0.2612671456564408,2.7443105756358666
1995-11-01,153.7,3619.9,5.8,5.6,0.13029315960910726,2.603471295060067
1995-12-01,153.9,3629.5,5.6,5.6,0.13012361743658385,2.5316455696202667
1996-01-01,154.7,3647.9,5.56,5.6,0.5198180636777128,2.7906976744185963
1996-02-01,155.0,3661.8,5.22,5.5,0.19392372333548735,2.717031146454607
1996-03-01,155.5,3686.9,5.31,5.5,0.3225806451612856,2.8439153439153486
1996-04-01,156.1,3697.7,5.22,5.6,0.38585209003214604,2.832674571805005
1996-05-01,156.4,3709.6,5.24,5.6,0.19218449711724261,2.827087442472065
1996-06-01,156.7,3722.5,5.27,5.3,0.19181585677747748,2.8215223097112663
1996-07-01,157.0,3737.1,5.4,5.5,0.19144862795150708,2.8833551769331667
1996-08-01,157.2,3744.0,5.22,5.1,0.1273885350318471,2.8122956180510084
1996-09-01,157.7,3753.4,5.3,5.2,0.31806615776082126,3.0045721750489918
1996-10-01,158.2,3772.8,5.24,5.2,0.3170577045022105,3.0618892508143203
1996-11-01,158.7,3795.1,5.31,5.4,0.3160556257901348,3.2530904359141077
1996-12-01,159.1,3818.6,5.29,5.4,0.2520478890989386,3.378817413905133
1997-01-01,159.4,3834.6,5.25,5.3,0.18856065367693908,3.0381383322559907
1997-02-01,159.7,3846.3,5.19,5.2,0.18820577164364583,3.0322580645161246
1997-03-01,159.8,3861.2,5.39,5.2,0.06261740763933155,2.7652733118971096
1997-04-01,159.9,3877.0,5.51,5.1,0.06257822277846437,2.434336963484962
1997-05-01,159.9,3889.2,5.5,4.9,0.0,2.237851662404089
1997-06-01,160.2,3906.0,5.56,5.0,0.18761726078797558,2.233567326100827
1997-07-01,160.4,3923.9,5.52,4.9,0.12484394506866447,2.165605095541401
1997-08-01,160.8,3957.4,5.54,4.8,0.24937655860348684,2.2900763358778775
1997-09-01,161.2,3973.1,5.54,4.9,0.24875621890545485,2.21940393151554
1997-10-01,161.5,3992.3,5.5,4.7,0.18610421836229296,2.0859671302149163
1997-11-01,161.7,4014.8,5.52,4.6,0.12383900928791824,1.8903591682419618
1997-12-01,161.8,4032.9,5.5,4.7,0.06184291898578831,1.6970458830924073
1998-01-01,162.0,4056.2,5.56,4.6,0.12360939431395046,1.6311166875784044
1998-02-01,162.0,4088.9,5.51,4.6,0.0,1.440200375704448
1998-03-01,162.0,4114.3,5.49,4.7,0.0,1.3767209011263937
1998-04-01,162.2,4140.2,5.45,4.3,0.12345679012344402,1.4383989993745905
1998-05-01,162.6,4164.4,5.49,4.4,0.2466091245376223,1.6885553470919357
1998-06-01,162.8,4184.1,5.56,4.5,0.12300123001232066,1.6229712858926382
1998-07-01,163.2,4203.8,5.54,4.5,0.24570024570023108,1.74563591022443
1998-08-01,163.4,4228.7,5.55,4.5,0.1225490196078427,1.6169154228855787
1998-09-01,163.5,4267.7,5.51,4.6,0.0611995104039087,1.4267990074441794
1998-10-01,163.9,4307.9,5.07,4.5,0.24464831804280607,1.4860681114551078
1998-11-01,164.1,4346.6,4.83,4.4,0.12202562538132788,1.4842300556586308
1998-12-01,164.4,4375.6,4.68,4.4,0.1828153564899626,1.606922126081578
1999-01-01,164.7,4403.0,4.63,4.3,0.18248175182480342,1.6666666666666607
1999-02-01,164.7,4425.8,4.76,4.4,0.0,1.6666666666666607
1999-03-01,164.8,4432.6,4.81,4.2,0.06071645415908211,1.7283950617283939
1999-04-01,165.9,4461.4,4.74,4.3,0.6674757281553312,2.281134401972884
1999-05-01,166.0,4486.1,4.74,4.2,0.06027727546713546,2.091020910209096
1999-06-01,166.0,4508.0,4.76,4.3,0.0,1.9656019656019597
1999-07-01,166.7,4535.4,4.99,4.3,0.42168674698794817,2.1446078431372584
1999-08-01,167.1,4552.7,5.07,4.2,0.23995200959807672,2.2643818849449104
1999-09-01,167.8,4568.8,5.22,4.2,0.418910831837227,2.629969418960254
1999-10-01,168.1,4592.7,5.2,4.1,0.17878426698449967,2.56253813300793
1999-11-01,168.4,4611.8,5.42,4.1,0.17846519928614857,2.6203534430225606
1999-12-01,168.8,4639.3,5.3,4.0,0.23752969121140222,2.676399026763998
2000-01-01,169.3,4667.6,5.45,4.0,0.2962085308056972,2.792956891317555
2000-02-01,170.0,4680.9,5.73,4.1,0.41346721795627595,3.2179720704310855
2000-03-01,171.0,4711.7,5.85,4.0,0.588235294117645,3.762135922330101
2000-04-01,170.9,4767.8,6.02,3.8,-0.05847953216373547,3.013863773357439
2000-05-01,171.2,4755.7,6.27,4.0,0.17554125219425565,3.1325301204819134
2000-06-01,172.2,4773.6,6.53,4.0,0.5841121495327117,3.7349397590361377
2000-07-01,172.7,4791.3,6.54,4.0,0.29036004645761615,3.5992801439711952
2000-08-01,172.7,4819.5,6.5,4.1,0.0,3.3512866546977715
2000-09-01,173.6,4855.2,6.52,3.9,0.5211349160393786,3.45649582836709
2000-10-01,173.9,4871.3,6.51,3.9,0.1728110599078514,3.4503271861986873
2000-11-01,174.2,4882.7,6.51,3.9,0.17251293847038163,3.444180522565321
2000-12-01,174.6,4927.6,6.4,3.9,0.22962112514350874,3.4360189573459543
2001-01-01,175.6,4978.3,5.98,4.2,0.572737686139746,3.7212049616065945
2001-02-01,176.0,5017.0,5.49,4.2,0.2277904328018332,3.529411764705892
2001-03-01,176.1,5074.8,5.31,4.3,0.05681818181817455,2.9824561403508643
2001-04-01,176.4,5139.1,4.8,4.4,0.17035775127769437,3.2182562902282053
2001-05-01,177.3,5137.2,4.21,4.3,0.5102040816326481,3.5630841121495394
2001-06-01,177.7,5180.1,3.97,4.5,0.2256063169768563,3.193960511033689
2001-07-01,177.4,5210.0,3.77,4.6,-0.16882386043892694,2.7214823393167498
2001-08-01,177.4,5243.8,3.65,4.9,0.0,2.7214823393167498
2001-09-01,178.1,5355.1,3.07,5.0,0.3945885005636862,2.5921658986175045
2001-10-01,177.6,5343.8,2.49,5.3,-0.28074115665356336,2.127659574468077
2001-11-01,177.5,5387.5,2.09,5.5,-0.05630630630630851,1.894374282433997
2001-12-01,177.4,5440.5,1.82,5.7,-0.05633802816901179,1.603665521191311
2002-01-01,177.7,5460.9,1.73,5.7,0.16910935738443378,1.1958997722095743
2002-02-01,178.0,5490.2,1.74,5.7,0.16882386043894915,1.1363636363636465
2002-03-01,178.5,5502.0,1.73,5.7,0.2808988764045006,1.3628620102214661
2002-04-01,179.3,5502.1,1.75,5.9,0.4481792717086819,1.643990929705219
2002-05-01,179.5,5528.3,1.75,5.8,0.1115448968209698,1.2408347433727984
2002-06-01,179.6,5553.3,1.75,5.8,0.055710306406675514,1.0692177827799743
2002-07-01,180.0,5596.0,1.73,5.8,0.22271714922048602,1.465614430665152
2002-08-01,180.5,5638.3,1.74,5.7,0.2777777777777768,1.747463359639223
2002-09-01,180.8,5662.3,1.75,5.7,0.16620498614958734,1.516002245929271
2002-10-01,181.2,5707.1,1.75,5.7,0.22123893805308104,2.0270270270270174
2002-11-01,181.5,5758.1,1.34,5.9,0.16556291390728006,2.2535211267605604
2002-12-01,181.8,5779.4,1.24,6.0,0.16528925619836432,2.4802705749718212
2003-01-01,182.6,5812.1,1.24,5.8,0.44004400440043057,2.757456387169399
2003-02-01,183.6,5848.2,1.26,5.9,0.5476451259583737,3.146067415730336
2003-03-01,183.9,5868.4,1.25,5.9,0.16339869281045694,3.025210084033625
2003-04-01,183.2,5905.5,1.26,6.0,-0.38064165307233333,2.175125488008911
2003-05-01,182.9,5965.3,1.26,6.1,-0.16375545851528006,1.8941504178273005
2003-06-01,183.1,6002.2,1.22,6.3,0.10934937124111865,1.948775055679297
2003-07-01,183.7,6049.1,1.01,6.2,0.3276897870016393,2.055555555555544
2003-08-01,184.5,6107.1,1.03,6.1,0.4354926510615087,2.216066481994461
2003-09-01,185.1,6079.7,1.01,6.1,0.3252032520325132,2.378318584070782
2003-10-01,184.9,6070.0,1.01,6.0,-0.10804970286331095,2.041942604856528
2003-11-01,185.0,6075.5,1.0,5.8,0.05408328826392861,1.9283746556473913
2003-12-01,185.5,6073.8,0.98,5.7,0.2702702702702675,2.0352035203520247
2004-01-01,186.3,6082.1,1.0,5.7,0.43126684636118906,2.026286966046009
2004-02-01,186.7,6121.8,1.01,5.6,0.21470746108425143,1.688453159041381
2004-03-01,187.1,6157.9,1.0,5.8,0.2142474558114671,1.7400761283306032
2004-04-01,187.4,6198.9,1.0,5.6,0.16034206306787535,2.2925764192139875
2004-05-01,188.2,6275.7,1.0,5.6,0.4268943436499306,2.8977583378895444
2004-06-01,188.9,6277.9,1.03,5.6,0.37194473963868546,3.1676679410158393
2004-07-01,189.1,6291.1,1.26,5.5,0.10587612493382359,2.939575394665228
2004-08-01,189.2,6317.8,1.43,5.4,0.052882072977267214,2.5474254742547275
2004-09-01,189.8,6352.2,1.61,5.4,0.3171247357294016,2.5391680172879516
2004-10-01,190.8,6379.8,1.76,5.5,0.5268703898840821,3.1909140075716547
2004-11-01,191.7,6406.3,1.93,5.4,0.4716981132075304,3.621621621621607
2004-12-01,191.7,6424.5,2.16,5.4,0.0,3.3423180592991875
2005-01-01,191.6,6430.8,2.28,5.3,-0.052164840897228615,2.8448738593666034
2005-02-01,192.4,6438.9,2.5,5.4,0.41753653444676075,3.0530262453133394
2005-03-01,193.1,6448.3,2.63,5.2,0.36382536382535413,3.2068412613575736
2005-04-01,193.7,6461.8,2.79,5.2,0.31071983428274663,3.3617929562433257
2005-05-01,193.6,6479.0,3.0,5.1,-0.05162622612286949,2.869287991498415
2005-06-01,193.7,6511.7,3.04,5.0,0.05165289256197081,2.541026998411855
2005-07-01,194.9,6543.5,3.26,5.0,0.6195147134744561,3.067160232681121
2005-08-01,196.1,6576.3,3.5,4.9,0.6157003591585442,3.6469344608879517
2005-09-01,198.8,6610.1,3.62,5.0,1.37684854665987,4.741833508956805
2005-10-01,199.1,6643.9,3.78,5.0,0.15090543259557165,4.350104821802936
2005-11-01,198.1,6660.7,4.0,5.0,-0.5022601707684538,3.3385498174230532
2005-12-01,198.1,6687.8,4.16,4.9,0.0,3.3385498174230532
2006-01-01,199.3,6730.1,4.29,4.7,0.6057546693589266,4.018789144050117
2006-02-01,199.4,6754.7,4.49,4.8,0.050175614651282174,3.63825363825363
2006-03-01,199.7,6769.3,4.59,4.7,0.15045135406217547,3.4179181771103018
2006-04-01,200.7,6806.9,4.79,4.7,0.5007511266900355,3.613835828600931
2006-05-01,201.3,6813.7,4.94,4.6,0.2989536621823774,3.9772727272727293
2006-06-01,201.8,6851.8,4.99,4.6,0.24838549428713996,4.1817243159525175
2006-07-01,202.9,6893.6,5.24,4.7,0.5450941526263575,4.104669061056954
2006-08-01,203.8,6925.1,5.25,4.7,0.44356826022671214,3.926568077511483
2006-09-01,202.8,6952.4,5.25,4.5,-0.4906771344455385,2.012072434607637
2006-10-01,201.9,7001.7,5.25,4.4,-0.4437869822485285,1.4063284781516971
2006-11-01,202.0,7037.2,5.25,4.5,0.04952947003467045,1.9687026754164672
2006-12-01,203.1,7080.1,5.24,4.4,0.544554455445545,2.5239777889954462
2007-01-01,203.437,7118.3,5.25,4.6,0.1659281142294633,2.075765178123423
2007-02-01,204.226,7134.3,5.26,4.5,0.3878350545869269,2.420260782347028
2007-03-01,205.288,7168.2,5.26,4.4,0.5200121434097538,2.798197295943927
2007-04-01,205.904,7240.7,5.25,4.5,0.3000662483924943,2.5929247633283525
2007-05-01,206.755,7254.6,5.25,4.4,0.41329940166290324,2.709885742672613
2007-06-01,207.234,7287.8,5.25,4.6,0.23167517109623503,2.692765113974227
2007-07-01,207.603,7318.7,5.26,4.7,0.17805958481715844,2.3178905864958077
2007-08-01,207.667,7394.8,5.02,4.6,0.030828070885302594,1.897448478900876
2007-09-01,208.547,7413.0,4.94,4.7,0.42375533907650365,2.8338264299802685
2007-10-01,209.19,7428.1,4.76,4.7,0.3083237831280172,3.610698365527476
2007-11-01,210.834,7453.6,4.49,4.7,0.7858884267890387,4.373267326732666
2007-12-01,211.445,7483.9,4.24,5.0,0.2898014551732553,4.108813392417532
2008-01-01,212.174,7517.5,3.94,5.0,0.3447705076970342,4.294695655165981
2008-02-01,212.687,7604.0,2.98,4.9,0.24178268779397882,4.142959270611968
2008-03-01,213.448,7670.0,2.61,5.1,0.3578027806118822,3.9749035501344343
2008-04-01,213.942,7712.5,2.28,5.0,0.2314381020201539,3.9037609759888126
2008-05-01,215.208,7725.2,1.98,5.4,0.5917491656617146,4.088413823123993
2008-06-01,217.463,7743.9,2.0,5.6,1.04782350098509,4.935966105947864
2008-07-01,219.016,7791.2,2.01,5.8,0.7141444751521009,5.497512078341837
2008-08-01,218.69,7805.8,2.0,6.1,-0.14884757278006422,5.308017162091239
2008-09-01,218.877,7872.4,1.81,6.1,0.08550916822900323,4.953319875136075
2008-10-01,216.995,7974.9,0.97,6.5,-0.8598436564828615,3.7310578899565128
2008-11-01,213.153,8027.0,0.39,6.8,-1.7705477084725474,1.0999174706166848
2008-12-01,211.398,8204.7,0.16,7.3,-0.8233522399403226,-0.02222800255385904
2009-01-01,211.933,8289.0,0.15,7.8,0.2530771341261451,-0.11358601902212717
2009-02-01,212.705,8319.3,0.22,8.3,0.3642660652187324,0.008463140671510772
2009-03-01,212.495,8386.4,0.18,8.7,-0.0987282856538485,-0.4464787676623838
2009-04-01,212.709,8391.1,0.15,9.0,0.10070825195886979,-0.5763244243767063
2009-05-01,213.022,8449.2,0.18,9.4,0.14714939189219844,-1.015761495855172
2009-06-01,214.79,8459.3,0.21,9.5,0.8299612246622345,-1.2291746182109153
2009-07-01,214.726,8463.5,0.16,9.5,-0.029796545463012247,-1.9587610037622771
2009-08-01,215.445,8463.0,0.16,9.6,0.33484533777929926,-1.4838355663267633
2009-09-01,215.861,8461.6,0.15,9.8,0.19308872334005134,-1.377942862886472
2009-10-01,216.509,8487.9,0.12,10.0,0.3001931798703783,-0.22396829420033848
2009-11-01,217.234,8517.0,0.12,9.9,0.3348590589767664,1.9145871744709275
2009-12-01,217.347,8512.2,0.12,9.9,0.052017639964274665,2.8141231232083674
2010-01-01,217.488,8477.7,0.11,9.8,0.06487322116246474,2.6211113889767157
2010-02-01,217.281,8527.3,0.13,9.8,-0.09517766497462166,2.151336357866529
2010-03-01,217.353,8523.5,0.16,9.9,0.03313681361922782,2.2861714393279886
2010-04-01,217.403,8554.8,0.2,9.9,0.023004053314190642,2.2067707525304403
2010-05-01,217.29,8609.0,0.2,9.6,-0.05197720362644098,2.003548929218568
2010-06-01,217.199,8628.1,0.18,9.4,-0.041879515854381655,1.1215605940686268
2010-07-01,217.605,8639.5,0.18,9.4,0.18692535416828804,1.3407784804821077
2010-08-01,217.923,8687.9,0.19,9.5,0.14613634796996067,1.1501775395112546
2010-09-01,218.275,8718.7,0.19,9.5,0.1615249422961318,1.1183122472331775
2010-10-01,219.035,8768.4,0.19,9.4,0.348184629481163,1.1666951489314625
2010-11-01,219.59,8789.0,0.19,9.8,0.25338416234848005,1.084544776600338
2010-12-01,220.472,8823.2,0.18,9.3,0.4016576346828282,1.437793022217937
2011-01-01,221.187,8849.0,0.17,9.1,0.3243042200370194,1.7007834915029774
2011-02-01,221.898,8913.3,0.16,9.0,0.321447463006419,2.124898173333145
2011-03-01,223.046,8971.5,0.14,9.0,0.51735482068338,2.619241510354109
2011-04-01,224.093,9035.1,0.1,9.1,0.46940989750992035,3.0772344447868694
2011-05-01,224.806,9107.8,0.09,9.0,0.3181714734507679,3.4589718808964998
2011-06-01,224.806,9182.1,0.09,9.1,0.0,3.5023181506360412
2011-07-01,225.395,9344.2,0.07,9.0,0.26200368317570444,3.5798809769996165
2011-08-01,226.106,9531.0,0.1,9.0,0.3154462166418792,3.75499603070808
2011-09-01,226.597,9551.5,0.08,9.0,0.21715478580843772,3.812621692818685
2011-10-01,226.75,9584.4,0.07,8.8,0.0675207527019328,3.5222681306640524
2011-11-01,227.169,9636.5,0.08,8.6,0.18478500551268873,3.451432214581729
2011-12-01,227.223,9683.9,0.07,8.5,0.023770849015480877,3.062066838419386
2012-01-01,227.842,9757.6,0.08,8.3,0.27241960540966836,3.0087663379855023
2012-02-01,228.329,9809.8,0.1,8.3,0.21374461249461518,2.8981784423473878
2012-03-01,228.807,9853.9,0.13,8.2,0.20934703870292282,2.5828752813320977
2012-04-01,229.187,9907.7,0.14,8.2,0.16607883500068255,2.2731633741348567
2012-05-01,228.713,9951.4,0.16,8.2,-0.2068180132381081,1.7379429374660749
2012-06-01,228.524,10021.6,0.16,8.2,-0.08263631713106845,1.653870448297634
2012-07-01,228.59,10074.5,0.16,8.2,0.02888099280600187,1.4175114798464783
2012-08-01,229.918,10145.6,0.13,8.1,0.580952797585188,1.6859349154821235
2012-09-01,231.015,10226.1,0.14,7.8,0.47712662775423187,1.9497168982819613
2012-10-01,231.638,10292.4,0.16,7.8,0.26967945804385884,2.1556780595369363
2012-11-01,231.249,10361.9,0.16,7.7,-0.16793444944266378,1.7960197033926262
2012-12-01,231.221,10484.1,0.16,7.9,-0.012108160467716456,1.7595049796895523
2013-01-01,231.679,10508.1,0.14,8.0,0.1980788942180789,1.684061762098299
2013-02-01,232.937,10527.5,0.15,7.7,0.5429926752100966,2.0181404902574807
2013-03-01,232.282,10583.8,0.14,7.5,-0.28119191025899326,1.5187472411246183
2013-04-01,231.797,10611.3,0.15,7.6,-0.2087979266581219,1.138808047576867
2013-05-01,231.893,10646.1,0.11,7.5,0.041415548950163306,1.3903888279197085
2013-06-01,232.445,10703.3,0.09,7.5,0.23804082055085551,1.7157935271568725
2013-07-01,232.9,10742.8,0.09,7.3,0.19574523005443378,1.885471805415806
2013-08-01,233.456,10801.2,0.08,7.2,0.23872906826962748,1.538809488600279
2013-09-01,233.544,10862.0,0.08,7.2,0.037694469193350066,1.0947341081747997
2013-10-01,233.669,10986.3,0.09,7.2,0.053523104853914205,0.8767991434911471
2013-11-01,234.1,10995.6,0.08,6.9,0.18444894273523804,1.2328701961954458
2013-12-01,234.719,11060.1,0.09,6.7,0.2644169158479315,1.5128383667573297
2014-01-01,235.288,11130.8,0.07,6.6,0.24241752904536895,1.557758795574915
2014-02-01,235.547,11196.8,0.07,6.7,0.11007786202441583,1.1204746347724948
2014-03-01,236.028,11232.6,0.08,6.7,0.204205530106516,1.6126949139408042
2014-04-01,236.468,11277.7,0.09,6.2,0.18641856050976013,2.015125303606169
2014-05-01,236.918,11342.8,0.09,6.3,0.19030059035471947,2.166947687079812
2014-06-01,237.231,11398.1,0.1,6.1,0.1321132206079767,2.0589816945944195
2014-07-01,237.498,11453.0,0.09,6.2,0.11254852864928111,1.9742378703305974
2014-08-01,237.46,11477.3,0.09,6.1,-0.01600013473797013,1.7150983482969062
2014-09-01,237.477,11519.1,0.09,5.9,0.007159100480080838,1.6840509711232077
2014-10-01,237.43,11593.1,0.09,5.7,-0.019791390324119806,1.6095417021513292
2014-11-01,236.983,11634.2,0.09,5.8,-0.18826601524659647,1.231524989320798
2014-12-01,236.252,11717.6,0.12,5.6,-0.30846094445592387,0.6531213919623191
2015-01-01,234.747,11805.2,0.11,5.7,-0.6370316441765556,-0.22993097820542818
2015-02-01,235.342,11922.8,0.11,5.5,0.25346436802173855,-0.08703146293520536
2015-03-01,235.976,11920.5,0.11,5.4,0.26939517808124425,-0.022031284423873476
2015-04-01,236.222,11954.6,0.12,5.4,0.10424788961589382,-0.10403098939391064
2015-05-01,237.001,11982.6,0.12,5.6,0.3297745341246827,0.03503321824429584
2015-06-01,237.657,12023.2,0.13,5.3,0.27679208104607333,0.1795718097550525
2015-07-01,238.034,12067.0,0.13,5.2,0.15863197801873063,0.22568611104094582
2015-08-01,238.033,12112.0,0.14,5.1,-0.000420108051790713,0.2413037985344868
2015-09-01,237.498,12173.9,0.14,5.0,-0.22475875193775918,0.008842961634170088
2015-10-01,237.733,12225.2,0.12,5.0,0.09894820166906904,0.12761656067050708
2015-11-01,238.017,12317.0,0.12,5.1,0.11946174910508756,0.4363182169185187
2015-12-01,237.761,12387.9,0.24,5.0,-0.10755534268560574,0.6387247515364791
2016-01-01,237.652,12518.5,0.34,4.8,-0.04584435630738959,1.2375025026943876
2016-02-01,237.336,12603.9,0.38,4.9,-0.13296753235823022,0.8472775790126619
2016-03-01,238.08,12661.8,0.36,5.0,0.31347962382444194,0.8916160965521946
2016-04-01,238.992,12743.2,0.37,5.1,0.38306451612901693,1.1726257503534843
2016-05-01,239.557,12802.0,0.37,4.8,0.23640958693178504,1.0784764621246223
2016-06-01,240.222,12852.5,0.38,4.9,0.2775957287827202,1.0792865347959424
2016-07-01,240.101,12911.9,0.39,4.8,-0.05037007434789409,0.8683633430518256
2016-08-01,240.545,12989.7,0.4,4.9,0.18492217858316895,1.0553158595656864
2016-09-01,241.176,13054.9,0.4,5.0,0.26232097944252075,1.5486446201652182
2016-10-01,241.741,13122.8,0.4,4.9,0.23426874979268764,1.685924966243646
2016-11-01,242.026,13208.7,0.41,4.7,0.11789477167711837,1.6843334719788938
2016-12-01,242.637,13234.9,0.54,4.7,0.2524522158776188,2.0507989115119862
2017-01-01,243.618,13315.7,0.65,4.7,0.4043076694815628,2.5103933482571117
2017-02-01,244.006,13394.8,0.66,4.6,0.15926573570097524,2.8103616813294208
2017-03-01,243.892,13463.6,0.79,4.4,-0.04672016261895173,2.44119623655914
2017-04-01,244.193,13521.7,0.9,4.4,0.12341528217407749,2.176223471915395
2017-05-01,244.004,13568.9,0.91,4.4,-0.07739779600562935,1.8563431667619756
2017-06-01,244.163,13580.5,1.04,4.3,0.0651628661825221,1.640565809959127
2017-07-01,244.243,13643.1,1.15,4.3,0.03276499715354486,1.7251073506566073
2017-08-01,245.183,13697.7,1.16,4.4,0.38486261632881824,1.92812155729698
2017-09-01,246.435,13745.1,1.15,4.3,0.5106389920997767,2.1805652303711787
2017-10-01,246.626,13800.1,1.15,4.2,0.07750522450138408,2.020757753132485
2017-11-01,247.284,13843.5,1.16,4.2,0.2668007428251684,2.172493864295566
2017-12-01,247.805,13881.7,1.3,4.1,0.21068892447551058,2.129930719552253
2018-01-01,248.859,13900.3,1.41,4.0,0.42533443635115464,2.151318868063945
2018-02-01,249.529,13949.3,1.42,4.1,0.26922876006090224,2.263468931091861
2018-03-01,249.577,14012.7,1.51,4.0,0.0192362410782021,2.3309497646499366
2018-04-01,250.227,14035.9,1.69,4.0,0.2604406656061986,2.4709963021052994
2018-05-01,250.792,14092.4,1.7,3.8,0.2257949781598212,2.781921607842497
2018-06-01,251.018,14137.2,1.82,4.0,0.09011451720948305,2.8075506935940187
2018-07-01,251.214,14174.6,1.91,3.8,0.07808204989283585,2.854124785561929
2018-08-01,251.663,14223.2,1.91,3.8,0.17873207703393845,2.6429238568742575
2018-09-01,252.182,14245.5,1.95,3.7,0.2062281702117419,2.332055105808828
2018-10-01,252.772,14256.6,2.19,3.8,0.2339580144498754,2.492032470218053
2018-11-01,252.594,14282.8,2.2,3.8,-0.07041919199911595,2.147328577667773
2018-12-01,252.767,14386.8,2.27,3.9,0.06848935445813442,2.0023809043401064
2019-01-01,252.561,14459.7,2.4,4.0,-0.08149798035343991,1.4875893578291333
2019-02-01,253.319,14506.3,2.4,3.8,0.3001255142321968,1.5188615351321877
2019-03-01,254.277,14557.5,2.41,3.8,0.37817929172307974,1.8831863513063984
2019-04-01,255.233,14594.7,2.42,3.7,0.3759679404743643,2.000583470209061
2019-05-01,255.296,14704.4,2.39,3.6,0.02468332856644384,1.7959105553606136
2019-06-01,255.213,14802.8,2.38,3.6,-0.03251128102280676,1.671194894390049
2019-07-01,255.802,14886.8,2.4,3.7,0.23078761661827762,1.826331335037068
2019-08-01,256.036,14974.4,2.13,3.6,0.09147700174354512,1.7376412106666406
2019-09-01,256.43,15047.0,2.04,3.5,0.1538846099767177,1.6844977040391562
2019-10-01,257.155,15184.1,1.83,3.6,0.2827282299262768,1.7339736996186295
2019-11-01,257.879,15296.0,1.55,3.6,0.281542260504386,2.092290394862917
2019-12-01,258.63,15347.5,1.55,3.6,0.29122185210892493,2.3195274699624457
2020-01-01,259.127,15427.1,1.55,3.6,0.19216641534238743,2.599767976845202
2020-02-01,259.25,15493.4,1.58,3.5,0.04746707213065804,2.3413166797595197
2020-03-01,258.076,16033.0,0.65,4.4,-0.4528447444551498,1.4940399642909163
2020-04-01,256.032,17065.3,0.05,14.8,-0.7920147553434065,0.3130472940411133
2020-05-01,255.802,17932.9,0.05,13.2,-0.08983252093487382,0.1982013035848551
2020-06-01,257.042,18184.3,0.08,11.0,0.4847499237691677,0.7166562831830481
2020-07-01,258.352,18335.4,0.09,10.2,0.5096443382793581,0.9968647625897997
2020-08-01,259.316,18411.2,0.1,8.4,0.3731343283582156,1.2810698495523853
2020-09-01,259.997,18602.5,0.09,7.8,0.2626139536318739,1.3910228912373812
2020-10-01,260.319,18757.6,0.09,6.9,0.1238475828567287,1.2303863428671624
2020-11-01,260.911,18997.0,0.09,6.7,0.2274132890799363,1.1757452138405844
2020-12-01,262.045,19115.7,0.09,6.7,0.4346309661148906,1.3204191315779434
2021-01-01,262.687,19379.0,0.09,6.4,0.24499608845809373,1.3738437137002402
2021-02-01,263.579,19641.8,0.08,6.2,0.33956762230333837,1.6698167791706853
2021-03-01,264.961,19873.2,0.07,6.1,0.524320981565296,2.6678187820641908
2021-04-01,266.614,20176.9,0.07,6.1,0.6238653990587206,4.133077115360573
2021-05-01,268.383,20460.4,0.06,5.8,0.6635060424433847,4.918257089467626
2021-06-01,270.654,20477.8,0.08,5.9,0.8461787818155431,5.295632620349999
2021-07-01,271.903,20633.3,0.1,5.4,0.4614747980816958,5.245169381309234
2021-08-01,272.676,20840.9,0.09,5.1,0.2842925602144719,5.152015301793966
2021-09-01,273.91,20981.0,0.08,4.7,0.4525517463950024,5.351215590949132
2021-10-01,276.55,21160.6,0.08,4.5,0.9638202329232071,6.235042390298062
2021-11-01,278.919,21335.5,0.08,4.1,0.8566262881938069,6.901970403700863
2021-12-01,280.845,21498.5,0.08,3.9,0.6905230550805275,7.174340285065539
2022-01-01,282.543,21650.1,0.08,4.0,0.6046039630400957,7.558805726967832
2022-02-01,284.5,21725.2,0.08,3.9,0.6926379347568234,7.937278766517819
2022-03-01,287.674,21787.2,0.2,3.7,1.115641476274165,8.572204966013853
2022-04-01,288.561,21769.4,0.33,3.7,0.30833512934780316,8.231750770777225
2022-05-01,291.298,21719.9,0.77,3.6,0.9484996239963239,8.538171195642065
2022-06-01,294.957,21651.5,1.21,3.6,1.2561019986405686,8.979361103105798
2022-07-01,294.913,21652.9,1.68,3.5,-0.014917428642136077,8.462576727730099
2022-08-01,295.097,21638.4,2.33,3.6,0.062391281496565476,8.222579178218826
2022-09-01,296.349,21536.7,2.56,3.5,0.42426727482827165,8.192106896425821
2022-10-01,298.007,21461.7,3.08,3.6,0.5594754832984217,7.758813957693
2022-11-01,298.786,21406.7,3.78,3.6,0.2614032556282231,7.122856456533988
2022-12-01,298.832,21290.9,4.1,3.5,0.01539563433359259,6.404600402357152
2023-01-01,300.42,21279.9,4.33,3.5,0.5314022594635093,6.327178517960097
2023-02-01,301.45,21243.7,4.57,3.6,0.3428533386591992,5.957820738137087
2023-03-01,301.821,20947.4,4.65,3.5,0.12307181953890023,4.917719362889961
2023-04-01,302.845,20761.4,4.83,3.4,0.3392739405144063,4.950079879124369
2023-05-01,303.334,20829.6,5.06,3.6,0.1614687381333635,4.131851231385042
2023-06-01,304.014,20799.4,5.08,3.6,0.224175331482801,3.070617072997095
2023-07-01,304.609,20791.4,5.12,3.5,0.1957146710348745,3.287749268428297
2023-08-01,306.082,20777.5,5.33,3.7,0.4835707415079771,3.722504803505289
2023-09-01,307.276,20747.8,5.33,3.7,0.3900915440960384,3.687206638119256
2023-10-01,307.696,20732.9,5.33,3.9,0.13668493471667986,3.2512659098611785
2023-11-01,308.148,20746.4,5.33,3.7,0.14689823722116024,3.1333462745911866
2023-12-01,308.741,20777.8,5.33,3.8,0.1924399963653789,3.3159099427102934
2024-01-01,309.698,20843.7,5.33,3.7,0.30996854969052023,3.0883429864855705
2024-02-01,310.967,20926.9,5.33,3.9,0.40975401843086345,3.157074141648697
2024-03-01,312.345,20973.2,5.33,3.9,0.4431338373525273,3.4868349120836584
2024-04-01,313.023,20958.8,5.33,3.9,0.21706766556210955,3.3607951262196734
2024-05-01,313.175,21019.9,5.33,3.9,0.04855873210594108,3.244278584003113
2024-06-01,313.044,21067.7,5.33,4.1,-0.041829647960411886,2.9702579486470926
2024-07-01,313.569,21094.4,5.33,4.2,0.16770805381991494,2.9414757935583014
2024-08-01,314.062,21185.8,5.33,4.2,0.1572221743858515,2.607144490692037
2024-09-01,314.732,21268.6,5.13,4.1,0.2133336729690294,2.4264830315416708
2024-10-01,315.631,21331.0,4.83,4.1,0.2856398459641696,2.578844053871343
2024-11-01,316.528,21451.6,4.64,4.2,0.28419261732848256,2.719472461284833
2024-12-01,317.604,21485.3,4.48,4.1,0.3399383308901438,2.870690967509981
2025-01-01,318.961,21547.6,4.33,4.0,0.42726162139017365,2.9909783078999608
2025-02-01,319.679,21613.2,4.33,4.2,0.22510589068882592,2.8015834477613355
2025-03-01,319.785,21693.5,4.33,4.2,0.03315826188146076,2.381981462805549
2025-04-01,320.302,21775.5,4.33,4.2,0.16167112278562268,2.32538823025783
2025-05-01,320.62,21833.8,4.33,4.3,0.09928130327003792,2.3772651073680873
2025-06-01,321.435,21938.7,4.33,4.1,0.2541949971929469,2.680453865910226
2025-07-01,322.169,22019.9,4.33,4.3,0.22835098853577485,2.742618052167134
2025-08-01,323.291,22086.8,4.33,4.3,0.3482644202266627,2.9385917430316155
2025-09-01,324.245,22169.8,4.22,4.4,0.2950901819104068,3.0225715847133294
2025-11-01,325.063,22296.5,3.88,4.5,0.2522783697512576,2.6964439164939513
2025-12-01,326.031,22386.9,3.72,4.4,0.297788428704604,2.653304114557753
2026-01-01,326.588,22469.1,3.64,4.3,0.170842649932057,2.391201432150014
2026-02-01,327.46,22667.3,3.64,4.4,0.26700307420970404,2.4340041103732224
